{
  "name": "Kanagawa",
  "comment": "A theme inspired by the colors of the famous painting by Katsushika Hokusa",
  "background-color": "#1F1F28",
  "foreground-color": "#DCD7BA",
  "badge-color": "#1F1F28",
  "bold-color": "#72A7BC",
  "cursor-color": "#C8C093",
  "highlight-background-color": "#2D4F67",
  "highlight-foreground-color": "#C8C093",
  "palette": [
    "#16161D",
    "#C34043",
    "#76946A",
    "#C0A36E",
    "#7E9CD8",
    "#957FB8",
    "#6A9589",
    "#C8C093",
    "#727169",
    "#E82424",
    "#98BB6C",
    "#E6C384",
    "#7FB4CA",
    "#938AA9",
    "#7AA89F",
    "#DCD7BA"
  ],
  "use-badge-color": false,
  "use-bold-color": false,
  "use-cursor-color": true,
  "use-highlight-color": true,
  "use-theme-colors": false
}
