[
    {
        "background": "#1F1F28",
        "black": "#090618",
        "blue": "#7E9CD8",
        "brightBlack": "#727169",
        "brightBlue": "#7FB4CA",
        "brightCyan": "#7AA89F",
        "brightGreen": "#98BB6C",
        "brightPurple": "#938AA9",
        "brightRed": "#E82424",
        "brightWhite": "#DCD7BA",
        "brightYellow": "#E6C384",
        "cursorColor": "#C8C093",
        "cyan": "#6A9589",
        "foreground": "#DCD7BA",
        "green": "#76946A",
        "name": "KanagawaWave",
        "purple": "#957FB8",
        "red": "#C34043",
        "selectionBackground": "#2D4F67",
        "white": "#C8C093",
        "yellow": "#C0A36E"
    },
    {
        "background": "#181616",
        "black": "#0d0c0c",
        "brightBlack": "#a6a69c",
        "blue": "#8ba4b0",
        "brightBlue": "#7FB4CA",
        "green": "#8a9a7b",
        "brightGreen": "#87a987",
        "purple": "#a292a3",
        "brightPurple": "#8992a7",
        "brightRed": "#E46876",
        "red": "#c4746e",
        "brightWhite": "#c5c9c5",
        "white": "#C8C093",
        "brightYellow": "#E6C384",
        "yellow": "#c4b28a",
        "brightCyan": "#7AA89F",
        "cyan": "#8ea4a2",
        "cursorColor": "#c5c9c5",
        "foreground": "#C8C093",
        "name": "KanagawaDragon",
        "selectionBackground": "#223249"
    }
]