{
  "name": "Kanagawa Light",
  "comment": "A theme inspired by the colors of the famous painting by Katsushika Hokusa",
  "background-color": "#F2ECBC",
  "foreground-color": "#545464",
  "badge-color": "#F2ECBC",
  "bold-color": "#73A7BC",
  "cursor-color": "#43436C",
  "highlight-background-color": "#C9CBD1",
  "highlight-foreground-color": "#43436C",
  "palette": [
    "#1F1F28",
    "#C84053",
    "#6F894E",
    "#77713F",
    "#4D699B",
    "#B35B79",
    "#597B75",
    "#545464",
    "#8A8980",
    "#D7474B",
    "#6E915F",
    "#836F4A",
    "#6693BF",
    "#624C83",
    "#5E857A",
    "#43436C"
  ],
  "use-badge-color": false,
  "use-bold-color": false,
  "use-cursor-color": true,
  "use-highlight-color": true,
  "use-theme-colors": false
}
