{
  "name": "Kanagawa Dragon",
  "comment": "A theme inspired by the colors of the famous painting by Katsushika Hokusa",
  "background-color": "#181616",
  "foreground-color": "#C5C9C5",
  "badge-color": "#181616",
  "bold-color": "#72A7BC",
  "cursor-color": "#C8C093",
  "highlight-background-color": "#2D4F67",
  "highlight-foreground-color": "#C8C093",
  "palette": [
    "#0D0C0C",
    "#C4746E",
    "#8A9A7B",
    "#C4B28A",
    "#8BA4B0",
    "#A292A3",
    "#8EA4A2",
    "#C8C093",
    "#A6A69C",
    "#E46876",
    "#87A987",
    "#E6C384",
    "#7FB4CA",
    "#938AA9",
    "#7AA89F",
    "#C5C9C5"
  ],
  "use-badge-color": false,
  "use-bold-color": false,
  "use-cursor-color": true,
  "use-highlight-color": true,
  "use-theme-colors": false
}
