{
  "ada": {
    "revision": "ba0894efa03beb70780156b91e28c716b7a4764d"
  },
  "agda": {
    "revision": "d3dc807692e6bca671d4491b3bf5c67eeca8c016"
  },
  "angular": {
    "revision": "62179d7bbfb5fd8a8f7298495ac654d252a1bd52"
  },
  "apex": {
    "revision": "857077f9e6bb04df0f769c18d32bfe036911adc8"
  },
  "arduino": {
    "revision": "94219a5ac207a0fadd680b285378d08669d5bbc8"
  },
  "asm": {
    "revision": "62e49328113ff318128c640bf0cf6dd3d3d51553"
  },
  "astro": {
    "revision": "dfa0893bdc4bdfada102043404758c66e3580568"
  },
  "authzed": {
    "revision": "1dec7e1af96c56924e3322cd85fdce15d0a31d00"
  },
  "awk": {
    "revision": "ba7472152d79a8c916550c80fdbfd5724d07a0c9"
  },
  "bash": {
    "revision": "f3f26f47a126797c011c311cec9d449d855c3eab"
  },
  "bass": {
    "revision": "c9ba4568af24cd3403029730687c0a43d1350a43"
  },
  "beancount": {
    "revision": "6c665e7cf15d76a1687959643868a78fb381458d"
  },
  "bibtex": {
    "revision": "ccfd77db0ed799b6c22c214fe9d2937f47bc8b34"
  },
  "bicep": {
    "revision": "c3451d1049c80074b18078ba50007b7c00e063f8"
  },
  "bitbake": {
    "revision": "7e0e2ac6f1d0da1a91ab84f35edddfdfece54f1a"
  },
  "blueprint": {
    "revision": "863cea9f83ad5637300478e0559262f1e791684b"
  },
  "c": {
    "revision": "72084f447c2051e01a7cd6c6e0477ec71a9297ed"
  },
  "c_sharp": {
    "revision": "92c0a9431400cd8b6b6ee7503f81da3ae83fc830"
  },
  "cairo": {
    "revision": "6216c6ee5e9fc0649c4bd7b1aedd884a55bdd9ef"
  },
  "capnp": {
    "revision": "dc28c9f4212809eab74d10996086297853eb34e5"
  },
  "chatito": {
    "revision": "fe7a2a75d3d74c1215141b7a7ebebb57ae17a370"
  },
  "clojure": {
    "revision": "6e41628e9d18b19caea1cb1d72aae4ccff5bdfe9"
  },
  "cmake": {
    "revision": "20ffd6d3b4da1acdbf2d08204b2130a5b2f7c4b3"
  },
  "comment": {
    "revision": "aefcc2813392eb6ffe509aa0fc8b4e9b57413ee1"
  },
  "commonlisp": {
    "revision": "cf10fc38bc24faf0549d59217ff37c789973dfdc"
  },
  "cooklang": {
    "revision": "81c2a8667846b1e60db68b5601d864fe00fd1d3a"
  },
  "corn": {
    "revision": "604d73c38d4c28ca68e9e441ffd405d68cb63051"
  },
  "cpon": {
    "revision": "f4b3cbc8b0bd4e13035d39940fef09f1392e8739"
  },
  "cpp": {
    "revision": "e0c1678a78731e78655b7d953efb4daecf58be46"
  },
  "css": {
    "revision": "02b4ee757654b7d54fe35352fd8e53a8a4385d42"
  },
  "csv": {
    "revision": "cda48a5e890b30619da5bc3ff55be1b1d3d08c8d"
  },
  "cuda": {
    "revision": "221179d4287a2c24c08e4c67ff383ef67dc32156"
  },
  "cue": {
    "revision": "8a5f273bfa281c66354da562f2307c2d394b6c81"
  },
  "d": {
    "revision": "322d119d50ebe6d0a323dfb00c4aeba31a44fb6f"
  },
  "dart": {
    "revision": "1a31399a08aefc93bc4cdbfadc0cb619136f86c1"
  },
  "devicetree": {
    "revision": "fb07e6044ffd36932c57a5be01ba5d6b8a9337bb"
  },
  "dhall": {
    "revision": "affb6ee38d629c9296749767ab832d69bb0d9ea8"
  },
  "diff": {
    "revision": "c165725c28e69b36c5799ff0e458713a844f1aaf"
  },
  "disassembly": {
    "revision": "0229c0211dba909c5d45129ac784a3f4d49c243a"
  },
  "djot": {
    "revision": "cb109f52e85da90893e4c65e51314dd56a3ee3d4"
  },
  "dockerfile": {
    "revision": "33e22c33bcdbfc33d42806ee84cfd0b1248cc392"
  },
  "dot": {
    "revision": "9ab85550c896d8b294d9b9ca1e30698736f08cea"
  },
  "doxygen": {
    "revision": "a750758da90955c86fcc22fcbb6fa44a7d009865"
  },
  "dtd": {
    "revision": "ab85469fedbf4f32da9310dd76dcedba059fc482"
  },
  "ebnf": {
    "revision": "8e635b0b723c620774dfb8abf382a7f531894b40"
  },
  "eds": {
    "revision": "fde62029d4c715562230070b9af51a9500c2ce10"
  },
  "eex": {
    "revision": "f742f2fe327463335e8671a87c0b9b396905d1d1"
  },
  "elixir": {
    "revision": "511ea5e0088779e4bdd76e12963ab9a5fe99983a"
  },
  "elm": {
    "revision": "09dbf221d7491dc8d8839616b27c21b9c025c457"
  },
  "elsa": {
    "revision": "0a66b2b3f3c1915e67ad2ef9f7dbd2a84820d9d7"
  },
  "elvish": {
    "revision": "5e7210d945425b77f82cbaebc5af4dd3e1ad40f5"
  },
  "embedded_template": {
    "revision": "6d791b897ecda59baa0689a85a9906348a2a6414"
  },
  "erlang": {
    "revision": "20ce5a9234c7248b3f91c5b0b028f1760b954dde"
  },
  "facility": {
    "revision": "a52579670e2b14ec03d410c3c980fafaf6d659c4"
  },
  "faust": {
    "revision": "f3b9274514b5f9bf6b0dd4a01c30f9cc15c58bc4"
  },
  "fennel": {
    "revision": "215e3913524abc119daa9db7cf6ad2f2f5620189"
  },
  "fidl": {
    "revision": "0a8910f293268e27ff554357c229ba172b0eaed2"
  },
  "firrtl": {
    "revision": "2b5adae629c8cba528c7b1e4aa67a8ae28934ea5"
  },
  "fish": {
    "revision": "f9176908c9eb2e11eb684d79e1d00f3b29bd65c9"
  },
  "foam": {
    "revision": "04664b40c0dadb7ef37028acf3422c63271d377b"
  },
  "forth": {
    "revision": "90189238385cf636b9ee99ce548b9e5b5e569d48"
  },
  "fortran": {
    "revision": "f73d473e3530862dee7cbb38520f28824e7804f6"
  },
  "fsh": {
    "revision": "fa3347712f7a59ed02ccf508284554689c6cde28"
  },
  "func": {
    "revision": "0834e35ecf8b23fbf9ad15b088af6a897e19d4a8"
  },
  "fusion": {
    "revision": "19db2f47ba4c3a0f6238d4ae0e2abfca16e61dd6"
  },
  "gdscript": {
    "revision": "b5dea4d852db65f0872d849c24533eb121e03c76"
  },
  "gdshader": {
    "revision": "ffd9f958df13cae04593781d7d2562295a872455"
  },
  "git_config": {
    "revision": "9c2a1b7894e6d9eedfe99805b829b4ecd871375e"
  },
  "git_rebase": {
    "revision": "d8a4207ebbc47bd78bacdf48f883db58283f9fd8"
  },
  "gitattributes": {
    "revision": "41940e199ba5763abea1d21b4f717014b45f01ea"
  },
  "gitcommit": {
    "revision": "a427a79653b6829aa5b663b5b9a6b39e954858b7"
  },
  "gitignore": {
    "revision": "f4685bf11ac466dd278449bcfe5fd014e94aa504"
  },
  "gleam": {
    "revision": "bcf9c45b56cbe46e9dac5eee0aee75df270000ac"
  },
  "glimmer": {
    "revision": "6b25d265c990139353e1f7f97baf84987ebb7bf0"
  },
  "glsl": {
    "revision": "284bed0e2f1d9f700756b96512baf33483642ff0"
  },
  "gn": {
    "revision": "bc06955bc1e3c9ff8e9b2b2a55b38b94da923c05"
  },
  "gnuplot": {
    "revision": "3c895f5d9c0b3a3c7e02383766b462c21913c000"
  },
  "go": {
    "revision": "fd577c4358c28cbcb6748bbf65354cc85f1cf7a4"
  },
  "godot_resource": {
    "revision": "b6ef0768711086a86b3297056f9ffb5cc1d77b4a"
  },
  "gomod": {
    "revision": "bbe2fe3be4b87e06a613e685250f473d2267f430"
  },
  "gosum": {
    "revision": "e2ac513b2240c7ff1069ae33b2df29ce90777c11"
  },
  "gotmpl": {
    "revision": "17144a77be0acdecebd9d557398883569fed41de"
  },
  "gowork": {
    "revision": "949a8a470559543857a62102c84700d291fc984c"
  },
  "gpg": {
    "revision": "f99323fb8f3f10b6c69db0c2f6d0a14bd7330675"
  },
  "graphql": {
    "revision": "5e66e961eee421786bdda8495ed1db045e06b5fe"
  },
  "groovy": {
    "revision": "3c25d1ce6c1eb9da34215060372792dc9f439b0c"
  },
  "gstlaunch": {
    "revision": "2c0d9c94d35e37aa63fa5002163c8480985b3e5b"
  },
  "hack": {
    "revision": "fca1e294f6dce8ec5659233a6a21f5bd0ed5b4f2"
  },
  "hare": {
    "revision": "3d4af179414525a35dd069ba0208c9b71093d8b3"
  },
  "haskell": {
    "revision": "6b5ec205c9d4f23eb36a163f1edc4f2db8c98e4a"
  },
  "haskell_persistent": {
    "revision": "577259b4068b2c281c9ebf94c109bd50a74d5857"
  },
  "hcl": {
    "revision": "e936d3fef8bac884661472dce71ad82284761eb1"
  },
  "heex": {
    "revision": "b5ad6e34eea18a15bbd1466ca707a17f9bff7b93"
  },
  "helm": {
    "revision": "17144a77be0acdecebd9d557398883569fed41de"
  },
  "hjson": {
    "revision": "02fa3b79b3ff9a296066da6277adfc3f26cbc9e0"
  },
  "hlsl": {
    "revision": "ee24be127560f0de0c4741e382416f45ab47eb76"
  },
  "hlsplaylist": {
    "revision": "5be34b0f6ea01b24f017c2c715729a3a919f57fd"
  },
  "hocon": {
    "revision": "c390f10519ae69fdb03b3e5764f5592fb6924bcc"
  },
  "hoon": {
    "revision": "a24c5a39d1d7e993a8bee913c8e8b6a652ca5ae8"
  },
  "html": {
    "revision": "cc53b6878a003cf26d213025af49c78388cebe21"
  },
  "htmldjango": {
    "revision": "ea71012d3fe14dd0b69f36be4f96bdfe9155ebae"
  },
  "http": {
    "revision": "86ad05ac2de3c63c69f65e58f0182a76c1658d1e"
  },
  "hurl": {
    "revision": "cd1a0ada92cc73dd0f4d7eedc162be4ded758591"
  },
  "hyprlang": {
    "revision": "27af9b74acf89fa6bed4fb8cb8631994fcb2e6f3"
  },
  "ini": {
    "revision": "bcb84a2d4bcd6f55b911c42deade75c8f90cb0c5"
  },
  "ispc": {
    "revision": "9b2f9aec2106b94b4e099fe75e73ebd8ae707c04"
  },
  "janet_simple": {
    "revision": "51271e260346878e1a1aa6c506ce6a797b7c25e2"
  },
  "java": {
    "revision": "5e62fbb519b608dfd856000fdc66536304c414de"
  },
  "javascript": {
    "revision": "de1e682289a417354df5b4437a3e4f92e0722a0f"
  },
  "jq": {
    "revision": "13990f530e8e6709b7978503da9bc8701d366791"
  },
  "jsdoc": {
    "revision": "6a6cf9e7341af32d8e2b2e24a37fbfebefc3dc55"
  },
  "json": {
    "revision": "3b129203f4b72d532f58e72c5310c0a7db3b8e6d"
  },
  "json5": {
    "revision": "c23f7a9b1ee7d45f516496b1e0e4be067264fa0d"
  },
  "jsonc": {
    "revision": "02b01653c8a1c198ae7287d566efa86a135b30d5"
  },
  "jsonnet": {
    "revision": "d34615fa12cc1d1cfc1f1f1a80acc9db80ee4596"
  },
  "julia": {
    "revision": "e84f10db8eeb8b9807786bfc658808edaa1b4fa2"
  },
  "just": {
    "revision": "6c2f018ab1d90946c0ce029bb2f7d57f56895dff"
  },
  "kconfig": {
    "revision": "486fea71f61ad9f3fd4072a118402e97fe88d26c"
  },
  "kdl": {
    "revision": "49fb89a854d93b58a65a19724ac307195ca11941"
  },
  "kotlin": {
    "revision": "260afd9a92bac51b3a4546303103c3d40a430639"
  },
  "kusto": {
    "revision": "8353a1296607d6ba33db7c7e312226e5fc83e8ce"
  },
  "lalrpop": {
    "revision": "123d8b472e949b59f348c32e245107a34a3d8945"
  },
  "latex": {
    "revision": "6d764f17f4d28c9db736009fb0e10ffe04866661"
  },
  "ledger": {
    "revision": "8a841fb20ce683bfbb3469e6ba67f2851cfdf94a"
  },
  "leo": {
    "revision": "304611b5eaf53aca07459a0a03803b83b6dfd3b3"
  },
  "linkerscript": {
    "revision": "f99011a3554213b654985a4b0a65b3b032ec4621"
  },
  "liquidsoap": {
    "revision": "fb062bfc7ca09a741820debb7cb8a75a557b30f9"
  },
  "llvm": {
    "revision": "1b96e58faf558ce057d4dc664b904528aee743cb"
  },
  "lua": {
    "revision": "a24dab177e58c9c6832f96b9a73102a0cfbced4a"
  },
  "luadoc": {
    "revision": "873612aadd3f684dd4e631bdf42ea8990c57634e"
  },
  "luap": {
    "revision": "31461ae9bd0866cb5117cfe5de71189854fd0f3e"
  },
  "luau": {
    "revision": "e5f7a020967407f73959592decdb147bb5fc30bb"
  },
  "m68k": {
    "revision": "d097b123f19c6eaba2bf181c05420d88b9fc489d"
  },
  "make": {
    "revision": "a4b9187417d6be349ee5fd4b6e77b4172c6827dd"
  },
  "markdown": {
    "revision": "d427744e2128668f3b4bac3dc63f840ebb7e87c3"
  },
  "markdown_inline": {
    "revision": "d427744e2128668f3b4bac3dc63f840ebb7e87c3"
  },
  "matlab": {
    "revision": "79d8b25f57b48f83ae1333aff6723b83c9532e37"
  },
  "menhir": {
    "revision": "be8866a6bcc2b563ab0de895af69daeffa88fe70"
  },
  "mermaid": {
    "revision": "e8dac87a9f789b23a2c7ab8e55b485a2f5927b98"
  },
  "meson": {
    "revision": "3ebd060b1a2eec450ff46b73428c63f9148a07ff"
  },
  "mlir": {
    "revision": "3da76a44a6a5db05aef03966a2045c7c73571d77"
  },
  "muttrc": {
    "revision": "67d9e23ca7aa22d9bce9d16c53d2c927dff5159a"
  },
  "nasm": {
    "revision": "3bc691d2cfba44bea339a775ad496c8bc552c60d"
  },
  "nickel": {
    "revision": "58baf89db8fdae54a84bcf22c80ff10ee3f929ed"
  },
  "nim": {
    "revision": "f5cec6a841b585e4e7388a120ded07e60ae19c43"
  },
  "nim_format_string": {
    "revision": "d45f75022d147cda056e98bfba68222c9c8eca3a"
  },
  "ninja": {
    "revision": "0a95cfdc0745b6ae82f60d3a339b37f19b7b9267"
  },
  "nix": {
    "revision": "763168fa916a333a459434f1424b5d30645f015d"
  },
  "norg": {
    "revision": "014073fe8016d1ac440c51d22c77e3765d8f6855"
  },
  "nqc": {
    "revision": "14e6da1627aaef21d2b2aa0c37d04269766dcc1d"
  },
  "objc": {
    "revision": "62e61b6f5c0289c376d61a8c91faf6435cde9012"
  },
  "objdump": {
    "revision": "28d3b2e25a0b1881d1b47ed1924ca276c7003d45"
  },
  "ocaml": {
    "revision": "dabe60a96553fbbda0a58b6ccda12b7d44047cb5"
  },
  "ocaml_interface": {
    "revision": "dabe60a96553fbbda0a58b6ccda12b7d44047cb5"
  },
  "ocamllex": {
    "revision": "4b9898ccbf198602bb0dec9cd67cc1d2c0a4fad2"
  },
  "odin": {
    "revision": "f94c590ed5263e11f1e492d1b53356f8c8459b66"
  },
  "org": {
    "revision": "64cfbc213f5a83da17632c95382a5a0a2f3357c1"
  },
  "pascal": {
    "revision": "9e995404ddff8319631d72d4b46552e737206912"
  },
  "passwd": {
    "revision": "20239395eacdc2e0923a7e5683ad3605aee7b716"
  },
  "pem": {
    "revision": "217ff2af3f2db15a79ab7e3d21ea1e0c17e71a1a"
  },
  "perl": {
    "revision": "fd7b2fe5b967d5eee8ce17938052886e2d5987ed"
  },
  "php": {
    "revision": "29838ad107f50b1f5f51a0beefa9c9d834fce2b3"
  },
  "php_only": {
    "revision": "29838ad107f50b1f5f51a0beefa9c9d834fce2b3"
  },
  "phpdoc": {
    "revision": "f285e338d328a03920a9bfd8dda78585c7ddcca3"
  },
  "pioasm": {
    "revision": "924aadaf5dea2a6074d72027b064f939acf32e20"
  },
  "po": {
    "revision": "d6aed225290bc71a15ab6f06305cb11419360c56"
  },
  "pod": {
    "revision": "39da859947b94abdee43e431368e1ae975c0a424"
  },
  "poe_filter": {
    "revision": "592476d81f95d2451f2ca107dc872224c76fecdf"
  },
  "pony": {
    "revision": "16f930b250433cfcd4fb4144df92bb98ad344c20"
  },
  "printf": {
    "revision": "0e0aceabbf607ea09e03562f5d8a56f048ddea3d"
  },
  "prisma": {
    "revision": "eca2596a355b1a9952b4f80f8f9caed300a272b5"
  },
  "promql": {
    "revision": "77625d78eebc3ffc44d114a07b2f348dff3061b0"
  },
  "properties": {
    "revision": "9d09f5f200c356c50c4103d36441309fd61b48d1"
  },
  "proto": {
    "revision": "e9f6b43f6844bd2189b50a422d4e2094313f6aa3"
  },
  "prql": {
    "revision": "09e158cd3650581c0af4c49c2e5b10c4834c8646"
  },
  "psv": {
    "revision": "cda48a5e890b30619da5bc3ff55be1b1d3d08c8d"
  },
  "pug": {
    "revision": "a7ff31a38908df9b9f34828d21d6ca5e12413e18"
  },
  "puppet": {
    "revision": "5849f9694197a6e822872945b415429c285fdd54"
  },
  "purescript": {
    "revision": "daf9b3e2be18b0b2996a1281f7783e0d041d8b80"
  },
  "pymanifest": {
    "revision": "e3b82b78721aee07f676dac8473ae69db51debcf"
  },
  "python": {
    "revision": "b8a4c64121ba66b460cb878e934e3157ecbfb124"
  },
  "ql": {
    "revision": "ff04ba61857ba05b80221e71b423b2728dbebe1e"
  },
  "qmldir": {
    "revision": "6b2b5e41734bd6f07ea4c36ac20fb6f14061c841"
  },
  "qmljs": {
    "revision": "9fa49ff3315987f715ce5666ff979a7742fa8a98"
  },
  "query": {
    "revision": "176a380df78800167565118bb0dadfc961abbd43"
  },
  "r": {
    "revision": "c55f8b4dfaa32c80ddef6c0ac0e79b05cb0cbf57"
  },
  "racket": {
    "revision": "d9858a0f607578814f2d34662ad4bc21aa37a455"
  },
  "rasi": {
    "revision": "43196d934a9a6ab3c7093a8683efd0111bb03db1"
  },
  "rbs": {
    "revision": "519a61132a51222e3ce73d3b7ef07465f587f346"
  },
  "re2c": {
    "revision": "47aa19cf5f7aba2ed30e2b377f7172df76e819a6"
  },
  "readline": {
    "revision": "e436eaef452266a3d00c195f0eb757d6502c767a"
  },
  "regex": {
    "revision": "ba22e4e0cb42b2ef066948d0ea030ac509cef733"
  },
  "rego": {
    "revision": "9ac75e71b2d791e0aadeef68098319d86a2a14cf"
  },
  "requirements": {
    "revision": "8666a4dfeb3107144398158bc3dd7a3f59d89ccb"
  },
  "rnoweb": {
    "revision": "1a74dc0ed731ad07db39f063e2c5a6fe528cae7f"
  },
  "robot": {
    "revision": "322e4cc65754d2b3fdef4f2f8a71e0762e3d13af"
  },
  "ron": {
    "revision": "ce6086b2c9e8e71065b8129d6c2289c5f66d1879"
  },
  "rst": {
    "revision": "3ba9eb9b5a47aadb1f2356a3cab0dd3d2bd00b4b"
  },
  "ruby": {
    "revision": "9d86f3761bb30e8dcc81e754b81d3ce91848477e"
  },
  "rust": {
    "revision": "3a56481f8d13b6874a28752502a58520b9139dc7"
  },
  "scala": {
    "revision": "70b4fe63c4973b04cc7bd40c6b7646d9c2430db8"
  },
  "scfg": {
    "revision": "6deae0cbb458c849a4d1e2985093e9c9c32d7fd0"
  },
  "scheme": {
    "revision": "184e7596ee0cbaef79230cae1b4ee5bb4fbad314"
  },
  "scss": {
    "revision": "c478c6868648eff49eb04a4df90d703dc45b312a"
  },
  "slang": {
    "revision": "0cdfb1741323f38e9a33798674145c22cfc0092b"
  },
  "slint": {
    "revision": "acc77c93ef4b73ba8c3a581b8c99d95b55f7178b"
  },
  "smali": {
    "revision": "72e334b2630f5852825ba5ff9dfd872447175eb5"
  },
  "smithy": {
    "revision": "8327eb84d55639ffbe08c9dc82da7fff72a1ad07"
  },
  "snakemake": {
    "revision": "65a6c3b4671877821082164da0a310851b211953"
  },
  "solidity": {
    "revision": "b239a95f94cfcc6e7b3e961bc73a28d55e214f02"
  },
  "soql": {
    "revision": "857077f9e6bb04df0f769c18d32bfe036911adc8"
  },
  "sosl": {
    "revision": "857077f9e6bb04df0f769c18d32bfe036911adc8"
  },
  "sourcepawn": {
    "revision": "3ca89fdf998340a7973e276b39516d8902950f86"
  },
  "sparql": {
    "revision": "05f949d3c1c15e3261473a244d3ce87777374dec"
  },
  "sql": {
    "revision": "cdb7cde9bf70b194ab8beb5069fbbc3c9640284e"
  },
  "squirrel": {
    "revision": "e8b5835296f931bcaa1477d3c5a68a0c5c2ba034"
  },
  "ssh_config": {
    "revision": "514695df4985f56455b8f139a319453a2325cdcf"
  },
  "starlark": {
    "revision": "b31a616aac5d05f927f3f9dd809789db7805b632"
  },
  "strace": {
    "revision": "d819cdd5dbe455bd3c859193633c8d91c0df7c36"
  },
  "styled": {
    "revision": "5e52758b32e02adca16bb93f95b3f9c050c72b56"
  },
  "supercollider": {
    "revision": "3b35bd0fded4423c8fb30e9585c7bacbcd0e8095"
  },
  "surface": {
    "revision": "f4586b35ac8548667a9aaa4eae44456c1f43d032"
  },
  "svelte": {
    "revision": "b974719d47447666687d49c68a51b278b2320e99"
  },
  "swift": {
    "revision": "a8cf05cd49b3b97d70a03fd65c9c279fc76662f7"
  },
  "sxhkdrc": {
    "revision": "440d5f913d9465c9c776a1bd92334d32febcf065"
  },
  "systemtap": {
    "revision": "1af543a96d060b1f808982037bfc54cc02218edd"
  },
  "t32": {
    "revision": "0a457a557be7779336bc8ac2b396e73797bc68f7"
  },
  "tablegen": {
    "revision": "300f6a490e71f895e644ed2deec6920860a2e107"
  },
  "tcl": {
    "revision": "56ad1fa6a34ba800e5495d1025a9b0fda338d5b8"
  },
  "teal": {
    "revision": "33482c92a0dfa694491d34e167a1d2f52b0dccb1"
  },
  "templ": {
    "revision": "592faa3186ef857c92e4bd1c31d73c07a4a334db"
  },
  "terraform": {
    "revision": "e936d3fef8bac884661472dce71ad82284761eb1"
  },
  "textproto": {
    "revision": "8dacf02aa402892c91079f8577998ed5148c0496"
  },
  "thrift": {
    "revision": "d4deb1bd9e848f2dbe81103a151d99e8546de480"
  },
  "tiger": {
    "revision": "a7f11d946b44244f71df41d2a78af0665d618dae"
  },
  "tlaplus": {
    "revision": "7455f17038d551ecd2b082c39e4a63bcb403e158"
  },
  "tmux": {
    "revision": "10737f5dc4d8e68c9667f11a6996688a1185755f"
  },
  "todotxt": {
    "revision": "3937c5cd105ec4127448651a21aef45f52d19609"
  },
  "toml": {
    "revision": "8bd2056818b21860e3d756b5a58c4f6e05fb744e"
  },
  "tsv": {
    "revision": "cda48a5e890b30619da5bc3ff55be1b1d3d08c8d"
  },
  "tsx": {
    "revision": "b00b8eb44f0b9f02556da0b1a4e2f71faed7e61b"
  },
  "turtle": {
    "revision": "085437f5cb117703b7f520dd92161140a684f092"
  },
  "twig": {
    "revision": "eaf80e6af969e25993576477a9dbdba3e48c1305"
  },
  "typescript": {
    "revision": "b00b8eb44f0b9f02556da0b1a4e2f71faed7e61b"
  },
  "typoscript": {
    "revision": "43b221c0b76e77244efdaa9963e402a17c930fbc"
  },
  "typst": {
    "revision": "f457c77edffd4b93190794355ff5acf7acfb99c6"
  },
  "udev": {
    "revision": "8f58696e79092b4ad6bf197415bbd0970acf15cd"
  },
  "ungrammar": {
    "revision": "debd26fed283d80456ebafa33a06957b0c52e451"
  },
  "unison": {
    "revision": "fb49b8125509c079e08f345758c03a427129010e"
  },
  "usd": {
    "revision": "ab8c30bde2df0e58c4b3f01f220fb0125ecb57a7"
  },
  "uxntal": {
    "revision": "4c5ecd6326ebd61f6f9a22a370cbd100e0d601da"
  },
  "v": {
    "revision": "a50fc40276aded4b422bdf9f092aa7c8db6c33d3"
  },
  "vala": {
    "revision": "8f690bfa639f2b83d1fb938ed3dd98a7ba453e8b"
  },
  "vento": {
    "revision": "c1eb14b130c37267be7c6bb38ce949c3077dd4b3"
  },
  "verilog": {
    "revision": "2dfddfcb891f74a1cdb9d8ce480a997d11846e17"
  },
  "vhs": {
    "revision": "9534865e614c95eb9418e5e73f061c32fa4d9540"
  },
  "vim": {
    "revision": "052279cd5e1d73b075640c64cef97e7bdcd32611"
  },
  "vimdoc": {
    "revision": "66f4fee37b07cff0dd3400089eebccd02e61e5c2"
  },
  "vue": {
    "revision": "3b9d52087100bdfce43dad2ca46d75b0e21613f6"
  },
  "wgsl": {
    "revision": "40259f3c77ea856841a4e0c4c807705f3e4a2b65"
  },
  "wgsl_bevy": {
    "revision": "cbd58ee33e24f46d16b9882b001eefb25a958ee2"
  },
  "wing": {
    "revision": "f11359345a2475b434a8e1dd3cfa02f2bc9b7e21"
  },
  "xcompose": {
    "revision": "2383cc69a2c42cfade41c7cb971fb3862bec6df1"
  },
  "xml": {
    "revision": "ab85469fedbf4f32da9310dd76dcedba059fc482"
  },
  "yaml": {
    "revision": "9e59b9bbf839ba231fbcb953617d8b9b9a059e38"
  },
  "yang": {
    "revision": "2c0e6be8dd4dcb961c345fa35c309ad4f5bd3502"
  },
  "yuck": {
    "revision": "c348825d3f86dec71dee0e1223c6bd73114e3579"
  },
  "zathurarc": {
    "revision": "353bdf25e7af9c2830e254977fd3fb57ccaa8203"
  },
  "zig": {
    "revision": "0d08703e4c3f426ec61695d7617415fff97029bd"
  }
}
